{"cameraMode":{"drawMode":0,"name":"Shaded","section":"Shading Mode"},"sceneLighting":false,"audioPlay":false,"sceneViewState":{"showFog":true,"showMaterialUpdate":true,"showSkybox":true,"showFlares":true,"showImageEffects":true,"showParticleSystems":true},"in2DMode":false,"pivot":{"x":0.0,"y":0.1462494134902954,"z":-0.25047779083251955},"rotation":{"x":0.1231120303273201,"y":-0.5385163426399231,"z":0.0799206793308258,"w":0.8297326564788818},"size":20.23357391357422,"orthographic":false}