{"cameraMode":{"drawMode":0,"name":"Shaded","section":"Shading Mode"},"sceneLighting":true,"audioPlay":false,"sceneViewState":{"showFog":true,"showMaterialUpdate":true,"showSkybox":true,"showFlares":true,"showImageEffects":true,"showParticleSystems":true},"in2DMode":false,"pivot":{"x":854.5639038085938,"y":346.07366943359377,"z":751.14453125},"rotation":{"x":-0.18244870007038117,"y":-0.49567940831184389,"z":0.10736645013093949,"w":-0.8423104286193848},"size":1.5135042667388917,"orthographic":false}