{"cameraMode":{"drawMode":0,"name":"Shaded","section":"Shading Mode"},"sceneLighting":false,"audioPlay":false,"sceneViewState":{"showFog":true,"showMaterialUpdate":true,"showSkybox":true,"showFlares":true,"showImageEffects":true,"showParticleSystems":true},"in2DMode":false,"pivot":{"x":-0.7837182283401489,"y":-0.7197839021682739,"z":-0.1308763474225998},"rotation":{"x":0.02989819645881653,"y":0.9682050347328186,"z":-0.20364493131637574,"w":0.14217548072338105},"size":6.701214790344238,"orthographic":false}