{"cameraMode":{"drawMode":0,"name":"Shaded","section":"Shading Mode"},"sceneLighting":false,"audioPlay":false,"sceneViewState":{"showFog":true,"showMaterialUpdate":true,"showSkybox":true,"showFlares":true,"showImageEffects":true,"showParticleSystems":true},"in2DMode":false,"pivot":{"x":231.1116943359375,"y":0.5869594812393189,"z":-2.05432391166687},"rotation":{"x":-0.0009477956336922944,"y":-0.614057183265686,"z":-0.0007188832969404757,"w":0.7892606854438782},"size":2.4080662727355959,"orthographic":false}