{"cameraMode":{"drawMode":0,"name":"Shaded","section":"Shading Mode"},"sceneLighting":false,"audioPlay":false,"sceneViewState":{"showFog":true,"showMaterialUpdate":true,"showSkybox":true,"showFlares":true,"showImageEffects":true,"showParticleSystems":true},"in2DMode":false,"pivot":{"x":231.2220001220703,"y":0.1770000010728836,"z":-1.7403998374938965},"rotation":{"x":0.01796954683959484,"y":-0.7809414863586426,"z":0.022514700889587404,"w":0.6239396333694458},"size":0.008066453039646149,"orthographic":false}