{"cameraMode":{"drawMode":0,"name":"Shaded","section":"Shading Mode"},"sceneLighting":false,"audioPlay":false,"sceneViewState":{"showFog":true,"showMaterialUpdate":true,"showSkybox":true,"showFlares":true,"showImageEffects":true,"showParticleSystems":true},"in2DMode":false,"pivot":{"x":-0.22003173828125,"y":-0.5399999618530273,"z":4.986499786376953},"rotation":{"x":0.07902518659830094,"y":-0.897011399269104,"z":0.17886272072792054,"w":0.39640095829963686},"size":0.1420283317565918,"orthographic":true}